headline,content,category,author,date
"임영웅·TV조선, 장애인복지시설에 3000만원 상당 공기청정기 기부","앞으로도 미스터트롯, 미스트롯에 보내주시는 국민들의 사랑과 성원에 보답하기 위해 멤버들과 함께 노력하겠다”고 전했다.황성주 굿네이버스 나눔마케팅본부장은 “지난 2월 <미스터트롯 TOP6 온라인 팬미팅> 수익금 전액을 기부한 것에 이어 꾸준한 나눔을 실천해주고 있는 티조컬처앤컨텐츠와 가수 임영웅 씨에게 감사드린다”며 “위드 코로나 시기를 맞아 굿네이버스는 복지 사각지대 개선과 소외된 이웃에 대한 빈틈없는 지원을 위해 더욱 노력하겠다”고",문화·라이프 > 문화 일반 |,최보윤 기자 |,2021.06.23
"임영웅, TV조선과 3천만원 상당 공기청정기 기부..선한 영향력의 좋은 예 [공식]","앞으로도 미스터트롯, 미스트롯에 보내주시는 국민들의 사랑과 성원에 보답하기 위해 멤버들과 함께 노력하겠다""고 말했다.황성주 굿네이버스 나눔마케팅본부장은 ""지난 2월 '미스터트롯 TOP6 온라인 팬미팅' 수익금 전액을 기부한 것에 이어 꾸준한 나눔을 실천해주고 있는 티조컬처앤컨텐츠와 가수 임영웅 씨에게 감사드린다""며 ""위드 코로나 시기를 맞아 굿네이버스는 복지 사각지대 개선과 소외된 이웃에 대한 빈틈없는 지원을 위해 더욱 노력하겠다""고 밝혔다.한편",연예 > 연예 포토 |,스포츠조선 = 김수현 기자 |,2021.06.22
"임영웅, TV조선과 3천만원 상당 공기청정기 기부…선한 영향력ing","앞으로도 미스터트롯, 미스트롯에 보내주시는 국민들의 사랑과 성원에 보답하기 위해 멤버들과 함께 노력하겠다""고 말했다.황성주 굿네이버스 나눔마케팅본부장은 ""지난 2월 '미스터트롯 TOP6 온라인 팬미팅' 수익금 전액을 기부한 것에 이어 꾸준한 나눔을 실천해주고 있는 티조컬처앤컨텐츠와 가수 임영웅 씨에게 감사드린다""며 ""위드 코로나 시기를 맞아 굿네이버스는 복지 사각지대 개선과 소외된 이웃에 대한 빈틈없는 지원을 위해 더욱 노력하겠다""고 밝혔다.'",연예 > 연예 포토 |,스포츠조선 = 백지은 기자 |,2021.06.22
"[Mint] 반갑다 비행기, 기다렸다 해외여행, 다시보자 관광산업
C01면","준비 중이다. 국내에서는 백신 관광에 대한 수요는 크지 않지만, 코로나 백신 접종자에게 자가 격리를 면제하는 괌과 대만, 두바이, 스위스, 하와이 등의 여행 상품이 앞다퉈 출시되고 있다.하지만 ‘포스트 코로나(post- corona·신종 코로나 대유행 이후)’ 시대의 여행은 이전과 확연히 달라진 모습을 보이고 있다. 벌써 3가지 트렌드 변화가 나타난다.먼저 1인 혹은 소규모 그룹이 일정을 자유롭게 조정할 수 있는 상품을 찾는 수요가 늘었다. 여행",경제 > Mint |,김지섭 기자 |,2021.06.18
"100년 전 콜레라와 2021년 코로나, 인간의 어리석음은 왜 되풀이 되나","코로나 이전, 이른바 ‘BCBefore Corona’ 시절에 이 영화를 봤다면, 대부분의 관객들은 이 부부의 사랑과 갈등에 포커스를 맞춰 영화를 감상했을 것이다. 이는 영화의 애초 기획 의도와도 일치한다.",월간산 > 포커스뉴스 |,글 신용관 조선뉴스프레스 기획취재위원 |,2021.06.09
"1300명 장례 치른 ‘코로나 전사’, 정작 그의 마지막 돕는 이 없었다",인도에서 코로나로 숨진 1300명이 넘는 시민의 장례를 치러줘 ‘코로나 전사'(Corona Warrior)로 칭송받던 60대 퇴직 공무원이 정작 본인이 코로나에 걸리자 제대로 병상조차 구하지 못해 한 달 만에 세상을 떠났다. .지난 4일 인도 언론 더타임스오브인디아는 인도 마하라슈트라주 나그푸르시에 사는 퇴직 공무원 찬단 님제(67)가 지난달 초 코로나 확진 판정을 받은 뒤 같은 달 26일 숨졌다고 보도했다.현지 매체에 따르면 인도 중앙정부 퇴직,국제 > 아시아 |,장근욱 기자 |,2021.06.07
"조선호텔 최상급 브랜드 ‘조선 팰리스’, 서울 강남에 개관",‘위드 코로나’를 위한 다각적인 서비스도 마련했다. 전 객실에는 자동 UVC 살균장치가 도입했으며 공기청정·가습기능 역시 객실 내부 필터로 장착돼 객실 컨디션을 쾌적한 상태로 유지한다.,문화·라이프 > 여행 |,디지틀조선일보 유영훈 |,2021.06.04
"대한핸드볼협회, 'SNS 통한 활성화' 위해 대학생 크리에이터 모집","[OSEN=강필주 기자] 대한핸드볼협회가 최신 SNS트렌드 반영을 통한 핸드볼 활성화를 위해 대학생 크리에이터를 모집한다고 27일 밝혔다.대한핸드볼협회 대학생 크리에이터는 올해 6월부터 내년 4월까지 10개월동안 위드 코로나 시기에 맞춰 핸드볼 활성화를 위한 온라인 콘텐츠 제작 활동을 한다.스포츠마케팅과 콘텐츠 제작에 관심이 있는 대학생(휴학생 포함)이면 누구나 지원이 가능하며, 대한핸드볼협회는 서류 심사와 면접을 거쳐 총8명을 선발할 계획이다.",스포츠 > 스포츠 포토 |,OSEN |,2021.05.27
"철원 다슬기, 평창 더위사냥… 전국 여름 축제, 올해도 줄줄이 취소
A12면","코로나와 공존해야 하는 ‘위드 코로나’ 시대를 돌파하기 위한 조치다. 부산시는 지난달 열린 ‘낙동강 유채꽃 축제’를 비대면과 온라인, ‘찾아가는 축제’ 방식으로 바꿔 진행했다. 이전까지는 시민들이 대저생태공원 유채꽃밭에 직접 가야 했지만, 올해는 서면역 등에 미니 유채 정원을 꾸미고, 500여 가정에 유채꽃을 배달했다. 노란색으로 칠한 시내버스가 곳곳을 누비며 시민들의 눈길을 끌었다.",사회 > 사회 일반 |,정성원 기자 |,2021.05.22
"“위드 코로나 시대, 개별 여행객 위한 모바일 플랫폼 마케팅으로 위기 극복”","경제·사회·문화 등 모든 분야가 코로나의 충격과 영향을 피할 수 없고, 전 세계는 아직도 바이러스와 힘든 싸움을 벌이고 있다. 그 중에서도 문화관광에 끼친 피해는 유독 더 심했다. 지난해 초 대구경북은 코로나로 가장 먼저 큰 피해를 입었다. 모임과 장소이동이 제한되다 보니 관광산업이 직격탄을 맞게 된 것도 어찌보면 당연한 결과다. 그러나 경북도는 신속하고 ...",스페셜 > 특집섹션 |,권광순 기자 |,2021.04.28
"현대프리미엄아웃렛 김포점, 수도권 서부 최대 '키즈 전문관' 열어","아울러 본관에만 있던 유모차 대여소를 키즈 전문관에 추가 배치하고, 전체 대여 유모차 수를 20% 확대했다.현대백화점 관계자는 ""자녀와 함께 현대프리미엄아울렛 김포점을 찾는 고객들이 위드 코로나 시대에도 타인과의 접촉을 줄이고 안전한 쇼핑을 즐길 수 있도록 1층 전체를 키즈 전문관으로 탈바꿈해 선보이게 됐다""고 말했다.",조선비즈 > 유통 |,이선목 |,2021.04.25
"‘포스트 코로나’ 시대 대비… 첨단 기술 결합한 스마트 의료기기·병원, 국민 건강 증진에 기여","코로나19가 세계를 강타한 지도 어느새 1년이 훌쩍 흘렀다. 최근 세계 각국에서 백신 접종이 시작되며 인류는 방역과 일상이 공존하는 ‘위드 코로나(With corona)’ 시대를 살아가고 있다. 코로나19가 장기화하면서 코로나 블루(우울)에 빠지는 사람들도 적지 않다. 건강에 대한 의식도 자연스럽게 변했다. 집에 머무는 시간이 늘고, 다중 이용시설인 헬스장과 체육시설 이용에 제한이",스페셜 > 특집섹션 |,대한민국 메디컬 헬스케어 대상 특별 취재팀 |,2021.04.22
"Greece Relaxes Some Traveler Restrictions, Despite Criticism from Health Officials","ions, many Greeks are watching such experiments and defying local lockdowns, taking to the streets and staging so-called "" corona-parties."" Many of those who are staying away from the block parties and observing restrictions say they find it unfair th",영문조선 > World |,VOA News |,2021.04.21
"조선호텔앤리조트, 오는 5월 25일 최고급 브랜드 '조선 팰리스' 개관","‘위드 코로나(코로나의 일상화)’ 시대에 맞춰 모든 객실에 자외선 살균시스템과 공기청정·가습시스템을 적용했고, 에어드레서(의류관리기기)를 마련했다. 비대면 서비스를 선호하는 이용객에게는 로봇 집사인 ‘로열 스태프 라이언’이 객실 용품 등을 전달해준다.조선 팰리스는 개관일부터 오는 8월 31일까지 이용할 수 있는 ‘로열 인비테이션 투 조선 팰리스’ 패키지를 판매한다.",조선비즈 > 유통 |,유한빛 |,2021.04.15
"New Vaccines No 'Guarantee of Victory' over COVID, Experts Say","A group of international public health experts says a successful rollout of new vaccines is ""no longer a guarantee of victory"" over the coronavirus pandemic. In an essay first published Monday in the ...",영문조선 > World |,VOA News |,2021.04.07
데이터가 곧 돈… 책 'AI(인공지능) 시대의 데이터 경제학',"데이터 기반 비대면 경제의 일반화는 포스트코로나(Post Corona) 시대의 중요한 비대면 비즈니스 변화가 전망된다. 또 디지털 비즈니스 혁신을 통해 '바코드 비즈니스'에서 'QR코드 비즈니스'로 변화하면서, 카카오페이와 디지털화폐 및 암호 화폐인 비트코인이 확산되는 새로운 경제변화를 만나고 있다. 대부분의 경영자는 디지털 혁신을 통한 '빅데이터와 인공지능'을 어떻게 활용해야 하는가에 관심을 갖고 있다.",헬스조선 > 건강뉴스 |,이금숙 헬스조선 기자 |,2021.03.30
[오늘의 키워드] C세대,"'코로나(Corona)' 또는 '위기(Crisis)'라는 뜻의 영단어 앞글자를 따와 붙인 이름이다. CNN 방송의 최근 보도에 따르면 전문가들은 C세대는 이전 세대보다 기술 친화적인 특징을 갖는다고 진단했다. 수업, 쇼핑, 전시회 방문 등 다양한 활동을 온라인에서 경험하면서 기기 활용에 익숙해지기 때문이다. 미국소아과학회(AAP)는 이들이 '코로나 블루' 같은 심리·정신적 문제를 겪을 수도 있다고 지적했다.",어린이조선 > 시사뉴스 |,최지은 기자 |,2021.03.29
6월 열리는 대구국제뮤지컬페스티벌 초청작 3개 등 온·오프라인 병행,올해 행사는 코로나로 인해 헹사 규모가 다소 축소된 것 뿐 아니라 코로나 시대에 맞춰 온·오프라인을 병행해 진행하게 된다.DIMF를 운영하는 주관기관인 사단법인 대구국제뮤지컬페스티벌은 “올해 행사는 위드코로나(With-코로나)시대에 맞춰 온·오프라인을 병행하는 글로벌 축제로 운영하는 한편 코로나 확산으로 피해를 입은 공연예술의 지원과 안정적인 창작환경을 조성하는데 주력할 방침”이라고 밝혔다.,스페셜 > 특집섹션 |,박원수 기자 |,2021.03.29
"서울, 네덜란드 헤이그·미주 캐나다 이어 Hybrid City Alliance 회원도시 합류","온·오프라인 병행 행사가 가능한 도시 인프라를 구축하고 현지 파트너와 연결하는 등 하이브리드 행사를 적극적으로 지원하기 위한 활동을 계획 중이다.김은미 서울관광재단 MICE지원팀장은 ""Hybrid City Alliance 회원사들과 함께 각 도시별 전문가 그룹의 자문 및 업계와의 협업을 통해 위드 코로나 시대에 하이브리드 MICE 행사 개최를 위한 새로운 지원 방향과 방식을 고민할 예정이다""라고 말했다.조민정 기자 mj.cho@sportschosun.com",문화·라이프 > 여행 |,스포츠조선=조민정 기자 |,2021.03.24
"제주, K리그 최초 <스마트 스타디움 #내 손안에 전광판> 정식 런칭",[OSEN=이승우 기자] '위드코로나 시대'를 맞이해 제주유나이티드가 새로운 직관 패러다임을 열었다.제주가 K리그 최초로 홈 구장  Wi-Fi를 활용하는 웹사이트(온라인 플랫폼) 기반의 장내 축구 몰입 콘텐츠 을 선보인다.제주는 지난 6일 전북 현대와의 K리그 1 홈 개막전부터 테스트 운영을 진행한 을 다가오는 20일 광주FC와 6R 홈경기에서 정식 런칭한다.코로나19 예방을 위해 생활 속 거리두기를 진행하면서도 팬들의 애정과 관심이 식지 않도록,스포츠 > 스포츠 포토 |,OSEN |,2021.03.17
"송가인, 단독 출연..추리여신 변신 성공할까[('너목보8')공식]","지난 12월 정규 2집 ‘몽(夢)’을 발매한 송가인은 더블 타이틀 곡 ‘꿈’과 ‘트로트가 나는 좋아요’로 ‘위드 코로나’ 시대의 리스너를 음악으로 치유했다.또한 송가인은 KBS2 ‘트롯 전국체전’에서 전라 코치로 트로트 후배를 물심양면으로 이끌었다. 13일과 20일에는 ‘트롯 전국체전’ 전국투어 콘서트의 공백기를 채우기 위해 준비된 ‘트롯 전국체전 스페셜 갈라쇼’에 출연하고, 스핀오프 프로그램인 ‘트롯 매직유랑단’에서는 단장으로서 후배들에게 예능감을",연예 > 연예 포토 |,OSEN |,2021.03.11
고객이 남긴 데이터로 라이프스타일 이해하라,"기업들의 헌신적인 노력과 열정에 다시 한번 박수를 보내며 기업들의 지속 가능한 성장을 위해 나아가야 할 방향을 제시하고자 한다.먼저 위드 코로나 시대에 맞춘 전략적 인재 육성과 조직 문화 개선이 필요하다. 이를 위해서는 학습자 스스로 현장의 문제를 해결할 수 있도록 하는 스마트 러닝이나, 짧은 시간에 원하는 지식과 정보를 얻을 수 있도록 하는 마이크로 러닝 등과 같은 인재 성장 인프라를 구축해야 한다.",스페셜 > 특집섹션 |,이상윤·KMAC 기업가치진단본부 본부장 |,2021.02.26
"포스트 코로나 다시 컨택트 시대로…""1위 유통 브랜드만 생존""","포스트 코로나 전략 세워야 쿠시먼앤드웨이크필드 전문가들은 유통업체가 '공간을 효율적으로 사용하는 법'에 초점을 맞춰야 한다고 조언했다. 김성순 리테일부문 총괄 전무는 ""공간을 효율적으로 활용하는 포스트 코로나(post- corona·코로나 이후) 전략을 세워야 한다""고 말했다. 특히 이들은 출퇴근길 같은 생활상권에 주목해야 한다고 강조했다. 신인철 자산관리서비스 상무는 ""코로나가 상권에 미친 영향은 근접 배후 수요와 입지에 따라 달랐는데,",조선비즈 > 유통 |,유한빛 |,2021.02.24
한국화랑협회장에 황달성 금산갤러리 대표,"황달성 신임회장은 “침체돼 있는 한국미술시장에 다시금 활기를 불러오기 위해서는 위드코로나 시대에 대응하는 체제 정비와 이를 발판으로 한 글로벌화로의 도약이 중요하다” 며 입후보자 소견서를 통해 미술시장의 규모확대, 시각예술 제도개선에 대한 적극적 움직임, 키아프 아트 서울의 질적·양적인 성장 등의 포부를 밝혔다.",아트뉴스 |,아트조선 김슬기 에디터 |,2021.02.22
"[Mint] ‘코로나 2년차’ 2021년 채용 시장 트렌드 5
C04면","끊임없는 위협에도 새해는 밝았고, 취업 시즌도 어김없이 개막했다. 작년엔 실물 경기 침체와 사회적 거리 두기로 인해 몇 차례나 취업 시계가 멈췄지만, ‘코로나 2년차’인 올해는 다르다. 1년간 ‘위드 코로나(with corona)’ 생존법을 찾은 기업들은 올해 각종 리스크를 최소화하는 채용 방식을 더 적극적으로 활용하려 한다. 말 그대로 채용 시장에도 뉴 노멀(New Normal·새로운 표준)이 확립되는 해가 될지 모른다. Mint가 2021",경제 > Mint |,이태동 기자 |,2021.02.19
[멈춰선 제주]③ ‘위드 코로나’ 강수 두는 특급호텔...갈 길 먼 세계화,"코로나19가 일상화된 ‘위드 코로나(with Corona)’ 시나리오와 코로나 사태가 종식되는 ‘포스트 코로나(post Corona)’ 시나리오 모두에 적합한 방향은 시설의 고급화와 다양한 경험을 제공하는데 있다고 판단한 것이다.지난해 말 개장한 제주 드림타워에는 5성급 호텔인 ‘그랜드 하얏트 제주’가 영업을 시작했고, 지난 달에는 조선호텔앤리조트의 ‘그랜드 조선 제주’가 문을 열었다.",조선비즈 > 유통 |,유한빛 |,2021.02.15
“걸으며 ‘코로나 블루’ 극복”... 지난해 올레길 완주자 크게 늘어,"코로나19 장기화로 인한 우울 증세인 이른바 ‘코로나 블루(Corona Blue)’를 극복하기 위해 제주올레를 찾은 여행객이 크게 늘어난 것으로 나타났다.사단법인 제주올레에 따르면 지난해 제주 올레길 26개 코스 완주자는 총 2,778명으로 2019년 완주자 1624명에 비해 71% 증가했다.",문화·라이프 > 여행 |,제주행플특별취재팀 |,2021.02.05
"재택근무 지겨워 떠난다, 몰디브 리조트까지 ‘워캉스’
C04면","인도양 몰디브섬의 고급 리조트 ‘바카루 몰디브스’는 지난해 10월부터 ‘워크 웰(Work Well)’이라는 패키지 상품을 내놨다. 휴양지에서 웬 ‘일(work)’이냐 싶지만, 이 패키지는 업무에 자주 쓰이는 프린터 기기와 각종 사무용품은 물론 개인 비서 역할을 하는 전속 직원까지 지원한다. 바닷가에 마련된 야외 사무실에선 초고속 와이파이(WIFI) 접속이 ...",경제 > Mint |,안상현 기자 |,2021.02.04
[기고] 보수 유튜버들이 퍼날랐던 미 대선 음모론의 결말,"악의 세력을 궤멸할 것이라고 확신하고 있었다.독일 CIA 전산센터 습격설 등 황당특히 지난해 미국에서 음모론이 급증한 것은 코로나19로 대면접촉이 급감하고 소셜미디어와 유튜브 등 온라인 소통이 급증하면서 코로나 대유행( corona pandemic)보다 더 무서운 ‘인포데믹(infordemic)’, 즉 ‘정보전염병’ 현상 때문이라는 분석이 나오고 있다. 그동안 음모론에 따른 가짜뉴스에는 황당한 것이 많았다. 미군의 독일 소재 CIA 전산센터 습격",주간조선 |,김충남 |,2021.01.29
"[Mint] “언제 어디서 얼마나 일할지, 유연성을 주면 직원 55%가 성과 더 낸다”
C04면",신종 코로나 팬데믹(대유행)은 ‘BC(Before Corona)’와 ‘AC(After Corona)’라는 말이 나올 만큼 세계인의 삶을 완전히 바꿨다. 그중에도 일하는 방식의 변화는 가장 극적이다. 아침에 회사로 출근해 저녁에 퇴근하는 일상은 더 이상 직장인들의 ‘루틴(routine·반복되는 일)’이 아니다.,경제 > Mint |,김지섭 기자 |,2021.01.29
'세번째 임기 시작' 정몽규 대한축구협회장 취임일성은 'MOVING FORWARD!',"위드 코로나' 시대, 정 회장이 제시한 비전은 6가지였다. 첫째, 여자 축구 발전 및 저변확대다. 정 회장은 ""여자축구는 최근 국제축구연맹(FIFA)를 비롯한 전 세계 축구계의 화두이자 블루오션이다. 이미 문화체육관광부도 여자축구 활성화에 큰 관심을 기울이고 있다. 또 여자축구 공식 파트너로 신세계그룹과 협약을 맺고 발전을 위한 재원을 마련했다""며 ""향후 적극적인 투자를 통해 여자축구 발전의 큰 전환점을 만들겠다""고 했다.",스포츠 > 스포츠 포토 |,스포츠조선=박찬준 기자 |,2021.01.27
"코로나가 판 키운 폐기물 산업, 악취도 재활용 분류도 AI로봇에 맡겨!
B07면","신종 코로나 대유행으로 일회용품 사용량이 크게 늘었다. 자연히 쓰레기도 폭증세다. 마스크 같은 방역용품과 의료 소모품 폐기물은 물론, 인터넷 쇼핑과 음식 배달이 늘어나며 생활 쓰레기도 넘쳐난다. 전 세계가 비슷한 상황을 겪으면서 ‘글로벌 폐기물 대란’ 우려까지 나온다.이런 와중에 미소 짓는 기업들이 있다. 폐기물을 수거해 소각, 분해, 매립, 재활용 등의 ...",경제 > Mint |,윤수정 기자 |,2021.01.11
"[유동성의 역습]② 한겨울 경기, 한여름 자산시장… ""가격조정, 시한폭탄 될수도""","받침 되지 않은 채, 자산시장에만 자금이 쏠리면서 양극화는 점차 심화되고 있다는 점이다. 한쪽에서는 유동성 폭우가 쏟아지고 있지만, 다른 한쪽에서는 유동성 가뭄에 시달리고 있는 것이다.이미 시장에서는 ‘코로나 디바이드( corona divide)’라는 말이 나온다. 코로나19로 근로 소득자와 자산가 사이의 빈부격차가 더욱 늘어나고, 자산 역시 기업의 실적에 기반한 것이 아니라는 점에서 ‘버블(거품)’이라는 것이다. 경제 전문가들은 ""향후 급격한",조선비즈 > 정책 |,박성우 |,2021.01.04
"[Mint] 파워 슈트 버리고 ‘파워 캐주얼’
B04면","자동차 부품회사에서 근무하는 직장인 오수향(37)씨는 지난해 신종 코로나 사태 이후 단 하루도 치마나 원피스를 입고 출근한 적이 없다. 재작년까지는 화려한 블라우스와 치마·원피스, 높은 구두를 즐겨 착용했다. 오씨는 “12㎝ 높이 하이힐을 신고 다녔던 옛 시절은 이제 기억도 나지 않는다”며 “2020년엔 허리가 고무줄로 된 정장 바지, 부드러운 니트, 경량...",경제 > Mint |,한경진 기자 |,2021.01.04
"코로나 코마, 산스장 들어보셨나요... 코로나가 만든 신조어들
A08면",그중 가장 슬픈 말은 역시 코로나로 인한 우울한 마음을 뜻하는 ’코로나 블루(Corona Blue)‘였다.,문화·라이프 |,김성현 기자 |,2021.01.02
"악수의 종말, 가족·집의 재발견… 정부가 ‘디지털 빅브러더’로
A08면","“앞으로의 세계는 ‘코로나 이전(Before Corona)’과 ‘코로나 이후(After Corona)’로 나뉠 것이다.”‘렉서스와 올리브 나무' 같은 베스트셀러 저자이자 뉴욕타임스 칼럼니스트인 토머스 프리드먼의 단언처럼, 코로나 바이러스가 끝나도 세상은 그 이전으로 결코 돌아가지는 않을 것이라는 전망이 쏟아진다. ‘포스트 코로나(코로나 이후)’의 미래는 무엇이 달라질까.",문화·라이프 |,김성현 기자 |,2021.01.02
"""국민 트로트 탄생했다""..송가인, 신곡 '꿈' '트로트가 나는 좋아요' 극찬","더하여 노래에서 반복되는 ‘에헤라디야~’에는 현실을 신명나게 이겨보자는 염원도 담겨있다.정규 2집 ‘몽(夢)’은 2020년 한해, ‘위드 코로나’라는 악몽(惡夢)을 견뎌온 팬들을 위로하고 함께 미래의 광명을 찾아 화서지몽(華胥之夢 좋은 꿈)을 꾸자는 ‘국민 비타민’ 송가인의 응원의 메시지를 담았다. ",연예 > 연예 포토 |,OSEN |,2020.12.27
[국내뉴스] “코로나 끝나면 여행가고 싶다” 69.6%,"코로나 블루를 극복하는 데 문화와 관광이 도움이 된다는 응답은 73.1%로 위드-코로나, 포스트-코로나를 위한 문화·관광의 중요성이 다가왔다. 관광분야 조사에서는 2021년에 코로나19가 종식된다면, 40~60대는 ‘국내여행을 갈 것’(81.1%), 20~30대는 ‘해외여행을 갈 것’(59.8%)이라는 응답이 높았다.",월간산 > 포커스뉴스 |,글 월간산 편집진 |,2020.12.24
"젊고 혁신적인 50代 전진 배치, 위기 정면 돌파
E06면","신동빈 롯데그룹 회장은 지난 7월 “코로나와 함께하는 ‘위드 코로나’ 시대가 내년 말까지 계속될 것 같다”며 “경제 상황이 어렵다고 너무 위축되거나 단기 실적에 얽매이지 말고, 장기적인 측면에서 본업의 혁신을 통한 경쟁력 강화에 노력해달라”고 당부했다. 이에 롯데는 소비 트렌드와 라이프 스타일, 산업구조의 변화를 분석하고 이에 신속하게 대응하며 지속 성장을 위한 경쟁력 강화에 나서고 있다.",경제 > 산업·재계 |,신은진 기자 |,2020.12.24
"[국내뉴스] 하나투어, 자가격리 없는 지역으로 해외여행 상품 판매","하나투어 관계자는 “위드 코로나 속 안전한 해외여행 상품의 새로운 기준을 제시하고자 안전기준이 강화된 해외여행 상품을 준비했다”며 “방역 안전망이 확인된 숙소와 항공기, 차량 등 안전이 확인된 동선으로 일정을 구성했다”고 말했다.",월간산 > 포커스뉴스 |,글 월간산 편집진 |,2020.12.23
[Newstalk] Corona Christmas,"[Talk] News in English (level 2) A Czech Christmas ornament-maker adds tiny masks to the country's traditional golden pigs. According to Czech customs, golden pigs bring luck and joy to people who fas...",어린이조선 > 지난배움터 |,|,2020.12.23
"송가인, 컴백 맞아 더 예뻐졌다..간절한 소망담은 정규 2집 '몽'[공식]","그 중 하나인 '트로트가 나는 좋아요'는 본래 송가인의 정규 2집을 위해 탄생한 곡이었으나, '위드 코로나' 시대를 살아가고 있는 국민들에게 에너지를 주기 위해 KBS2 '트롯 전국체전'에서 선공개되었다. 90년대 레트로풍 댄스곡을 연상시키는 멜로디컬한 선율과 원곡자 송가인의 풍부한 목소리를 담았다.또한 송가인의 정규 2집은 가수 송가인이 걸어온 길을 되돌아보는 의미로 '송가인'이라는 이름을 알린 '한 많은 대동강'부터 '용두산 엘레지'까지 다수의",연예 > 연예 포토 |,OSEN |,2020.12.21
"[Mint] 화면에 잡힌 이중턱·벌렁코에 꺄르르… 부장님 카리스마가 와르르
B04면",“호랑이 부장님이 줌(zoom)을 켜니 순식간에 이빨 빠진 호랑이가 됐다니까요.”부산의 한 제조업체에서 일하는 안윤진(31)씨는 지난 7일 집에 있는 노트북 앞에 앉아 화상회의 프로그램 줌으로 진행되는 부서 회의에 참가했다. 최근 부산에서도 코로나 확진자가 급격히 늘면서 안씨 회사도 이달 초부터 재택근무를 시작했다. 처음 하는 화상회의라 잔뜩 긴장하고 줌을...,경제 > 생활경제 |,신수지 기자 |,2020.12.21
“가족과 집에서 즐겨요”…연말 대세는 안전한 홈파티,"코로나 이전(Before Corona) 사람들은 식당 또는 호텔 등에 모여 송년회를 하며 한 해를 마무리했다. 그러나 코로나 이후(After Corona) 바이러스 감염을 우려해 집 밖 다수가 이용하는 공간이 아닌, 집에서 안전하게 연말을 즐기려는 사람이 늘고 있다. 코로나 이후 집에서 요리하는 ‘홈쿡’, 일하는 ‘홈택’, 운동하는 ‘홈트’처럼 연말 모임도 집에서 한다는 것이다. 물론 파티라고 해서 많은 사람이 모이는 것은 아니다.",조선비즈 > 산업 |,박용선 |,2020.12.18
"[공식] 송가인, 26일 생일기념 정규2집 발표 '팬♥ 보답'","하지만 '위드 코로나 시대'가 그들을 갈라놓아, 이번 신곡이 송가인과 팬을 이어주는 유일한 소통창구이기에 그 의미가 남다르다.발매하는 곡마다 '트롯 장인'의 면모를 갱신하는 송가인의 신곡 발표에 팬뿐만 아니라 대중의 기대가 더욱 커지고 있다.막바지 준비에 한창인 송가인의 정규 2집은 26일 오후 6시 각종 음원사이트에 공개될 예정이다.백지은 기자 silk781220@sportschosun.com",연예 > 연예 포토 |,스포츠조선=백지은 기자 |,2020.12.17
"송가인, 트로트 붐 주역..26일 생일 기념 신곡 발표 ‘팬들 사랑에 보답’[공식]","하지만 '위드 코로나 시대'가 그들을 갈라놓아, 이번 신곡이 송가인과 팬을 이어주는 유일한 소통창구이기에 그 의미가 남다르다.발매하는 곡마다 '트롯 장인'의 면모를 갱신하는 송가인의 신곡 발표에 팬뿐만 아니라 대중의 기대가 더욱 커지고 있다.막바지 준비에 한창인 송가인의 정규 2집은 26일 오후 6시 각종 음원사이트에 공개될 예정이다. /misskim321@osen.co.kr[사진] 포켓돌스튜디오",연예 > 연예 포토 |,OSEN |,2020.12.17
"송가인, 26일 생일 기념 정규 2집 발표…""팬들 사랑에 보답"" [공식]","하지만 '위드 코로나 시대'가 그들을 갈라놓아, 이번 신곡이 송가인과 팬을 이어주는 유일한 소통창구이기에 그 의미가 남다르다.발매하는 곡마다 '트롯 장인'의 면모를 갱신하는 송가인의 신곡 발표에 팬뿐만 아니라 대중의 기대가 더욱 커지고 있다.막바지 준비에 한창인 송가인의 정규 2집은 26일 오후 6시 각종 음원사이트에 공개될 예정이다.olzllovely@sportschosun.com",연예 > 연예 포토 |,스포츠조선=이지현 기자 |,2020.12.17
"[신문은 선생님] [재미있는 과학] 동물 배설물·타액으로 감염… 코로나 등 250종 보고됐죠
A33면","돼지, 조류 등에도 감염돼 나타났죠. 1960년대에는 사람에게서 바이러스가 발견됐습니다. 발견 당시 전자현미경으로 본 바이러스 입자 표면에 곤봉 모형의 돌출부가 보였는데, 왕관을 연상시킨다고 해 라틴어 왕관을 뜻하는 ' corona'에서 따와 코로나 바이러스라고 불렸죠. 인체에 감염을 일으키는 코로나 바이러스는 현재까지 확인된 것이 총 7종입니다. 코로나 바이러스는 각 바이러스의 특성과 숙주에 따라서 호흡기와 소화기 등에 감염병을 일으키는 것으로",신문은선생님 > 신문은선생님 |,김형자 과학 칼럼니스트 |,2020.12.16
[입사시험에 나올만한 시사상식] 코로나레드 ·쏠드족· 청년부추,"◇ 코로나 레드 (Corona Red) 코로나19로 생겨난 우울감을 뜻하는 '코로나 블루(Corona Blue)'를 넘어선 상태를 나타내는 말이다. 감염병이 길어져 스트레스 과부하, 경제적 위협 등으로 인해 감정이 '분노'로 폭발하는 것을 가리킨다. 코로나19 초기에는 버텨왔던 사람들이 사회적 거리두기 격상 및 연장이 이어지고 실직, 주거불안, 미래에 대한 불안함을 느끼는 상황이다. 지친 사람들은 화를 내기 시작했다.",미생탈출 > 시사상식 |,글 jobsN 블로그팀 |,2020.12.15
"무너진 K방역… 이젠 국민 각자가 방역사령탑이다
A01면",질병관리본부장을 지낸 정기석 한림대성심병원 교수는 “최소한 내년 하반기까지는 코로나는 우리 일상과 함께 가야 하는 질병”이라며 “위드 코로나 시대에 공동체가 무너지지 않고 가려면 ‘신뢰’가 가장 중요하다”고 말했다.코로나 신규 확진자가 하루 1000명을 넘어서면서 이들을 치료하고 수용할 의료 인프라가 무너질 수도 있다는 우려가 커진다.,사회 > 복지·의료 |,김철중 의학전문기자 |,2020.12.14
"이베이코리아 ""올해 쇼핑 키워드는 코쿤(COCOON)""","코로나(CORONA), 걱정(CONCERN), 온라인(ONLINE)의 앞글자를 연결한 단어다.이베이코리아는 올해 주요 소비 트렌드로 집콕, 식품·생필품도 온라인, 편리미엄(편리+프리미엄), 나홀로 레저 등을 꼽았다. 이베이코리아가 올해 1월부터 11월까지 판매 실적을 분석한 결과 마스크, 체온계 등을 포함한 건강 관련 용품 판매가 작년 같은 기간보다 286% 증가했다. 온라인 수업과 관련된 모니터(18%), 프린터(22%)도 판매가 늘었다.",조선비즈 > 산업 |,홍다영 |,2020.12.13
"이베이코리아, 올해 쇼핑 키워드는 ‘코쿤(COCOON)’","외부 세상과 분리해 자신만의 공간에서 생활하는 사람들을 이에 빗대 ‘코쿤족’이라고 하는데, 사회적 거리 두기가 일상이 된 최근 쇼핑 트랜드가 이와 마찬가지로 보여 키워드로 정했다고 이베이코리아는 설명했다.이베이코리아는 코쿤(COCOON)을 코로나(CORONA), 걱정(CONCERN), 온라인(ONLINE)이라는 세 단어에서 첫 2글자씩을 따서 조합한 의미도 담았다고 밝혔다.",경제 > 중기·벤처 |,최원우 기자 |,2020.12.13
오늘 밤 9시 현재 확진자 최소 659명… 700~800명대 가능성,"시 이후 전국의 추가 확진자 규모를 감안할 때 700~800명, 많게는 900명 확진자가 집계될 수 있다는 전망이 나온다. 전국 지방자치단체 발표를 토대로 확진자 규모를 추산하는 ‘코로나 라이브’ 사이트(https:// corona-live.com/)는 이날 밤 11시 기준 국내 확진자가 882명으로 전날 같은 시간대(602명)보다 280명 늘어났다고 전망하기도 했다.11일 하루간 나온 국내 지역 감염 사례와 해외 유입 사례를 포함한 정확한 확진",사회 > 복지·의료 |,정석우 기자 |,2020.12.11
은행권 첫 재택상담… 상담 폭주에도 안정적 대응,"‘위드 코로나(With Corona)’ 시대의 고객 상담 서비스를 위해 더 많은 준비가 필요한 시기입니다. 신한은행은 재택근무, AI 연계 상담 등 뉴노멀(New Normal)에 최적화된 미래의 상담운영 체계를 준비하여 지금보다 향상된 서비스를 제공하겠습니다.",일반 |,김수정 객원기자 |,2020.12.10
Rising Pet Ownership Leads to More Consumer Complaints,"ied less than 15 days after it was purchased. Next came illness, genetic deformities, and other diseases including parvo, corona or dog pox. There has also been an increase in cases where pets were hurt or died in the care of vets or sitters. Most of",영문조선 > National/Politics |,By Choi Jong-seok |,2020.12.07
"'헬로!플레이트' PD ""코로나19시대, 해외 현지에 잠시 데려다드립니다""","플레이트’의 서현석 PD(skyTV)와 하정석 PD(디스커버리)가 “이 ‘위드 코로나 시대’에 여행에 대한 갈증을 풀고 맛있는 위로를 전하는, 해외 현지에 잠시 데려다주는 듯한 방송이 될 것”이라며 차별화된 요리 경연을 예고했다.서현석 PD는 지난해 SKY에서 집밥 예능 ‘#집밥천재 밥친구’를 연출하며 당시 출연진이었던 강레오 셰프와 한 차례 호흡을 맞췄다. ",연예 > 연예 포토 |,OSEN |,2020.12.07
"[Mint] 팀→부문장 보고→부장단 회의 3시간 릴레이… ‘줌 피로’에 진이 빠지네
B04면","외국계 IT 기업에서 일하며 재택근무 중인 신모(28)씨는 하루 평균 3시간을 회의에 쓴다. 그의 일상 업무엔 팀장과 단둘이 하는 조촐한 팀 회의 그리고 부서장·부문장 보고 회의가 포함되는데, 이게 한 시간씩 진행된다. 때때로 다른 부서와 함께하는 회의도 추가된다. 회의를 하다 오후 업무 시간이 끝날 때도 흔하다. 회의라면 어느 정도 달관한 신씨지만 최근엔...",경제 > Mint |,최은경 기자 |,2020.12.07
쌓이는 재고에 생명 불어넣는 기업들,"[이코노미조선]위드 코로나 시대 만개한 재고 비즈니스성능 문제없고 값은 절반, 환경 문제도 해결‘재고(在庫) 비즈니스’가 ‘위드(with) 코로나’ 시대에 뜨고 있다. 재고란 기업이 수요를 예측해 제품을 생산, 판매하기 위해 보유하거나, 수요 예측에서 빗나가 팔지 못해 창고에 쌓아놓은 물건을 뜻한다. ‘이코노미조선’은 후자인 ‘판매 부진으로 발생한 재고’ 개념에 초점을 맞춰, 재고 비즈니스를 기획했다.",조선비즈 > 산업 |,안소영 |,2020.12.06
“가족과 집에서 즐겨요”…연말 대세는 안전한 홈파티,"코로나 이전(Before Corona) 사람들은 식당 또는 호텔 등에 모여 송년회를 하며 한 해를 마무리했다. 그러나 코로나 이후(After Corona) 바이러스 감염을 우려해 집 밖 다수가 이용하는 공간이 아닌, 집에서 안전하게 연말을 즐기려는 사람이 늘고 있다. 코로나 이후 집에서 요리하는 ‘홈쿡’, 일하는 ‘홈택’, 운동하는 ‘홈트’처럼 연말 모임도 집에서 한다는 것이다. 물론 파티라고 해서 많은 사람이 모이는 것은 아니다.",이코노미조선 > 비즈니스 |,박용선 기자 |,2020.12.05
"올해 출판 키워드, 코로나·재테크…'더 해빙' 최다 판매","코로나19 여파가 지속되는 2020년 출판 키워드로 ‘위드 코로나’, ‘재테크의 시대’ 등이 꼽혔다.집콕 생활이 늘어난 만큼 전체 도서 판매량이 증가했고 이중에서도 부자가 되기 위한 태도와 마음가짐에 대해 담은 '더 해빙'이 최다 판매 도서로 선정됐다.예스24는 3일 이같은 내용을 골자로 한 '2020년 베스트셀러 분석 및 도서 판매 동향'을 발표했다.예스24의 도서 판매자료를 바탕으로 살펴본 결과 올해 출판 트렌드 키워드는 '#위드코로나', '",문화·라이프 > 책 |,뉴시스 |,2020.12.03
바이오 화학기업 벤텍스의 '헬사크린' 미국 항바이러스 테스트 최고기능 평가,바이오 화학기업 벤텍스(대표이사 고경찬)가 세계적 미생물 시험전문기업인 미국의 Nelson Labs에서 Human Corona virus를 이용하여 마스크 및 의류용 원단과 소독용 스프레이 2가지 타입을 시험한 결과 항바이러스 효능 값(Mv)이 3이상으로 ISO 18184(2019) 시험에서 정한 성능 표준에 따라 최고 기능으로 평가 받았다.,조선비즈 > 산업 |,콘텐츠부 |,2020.12.02
“재고 비즈니스가 혁신이 아니라고? 부인 기업은 도태”,"또 ‘재고 비즈니스는 혁신적이지 않다’고 말하는 전문가도 많았다.그러나 ‘위드 코로나’ 시대가 도래했다. 불황 속 재고 시장이 성장하고 있다. ‘이코노미조선’은 김수욱 서울대 경영대 교수를 11월 23일 전화 인터뷰했다. 김 교수는 “불황 속 재고 공급은 증가할 것”이라며 “저렴한 가격의 실속을 챙기는 소비자는 재고 시장을, 소비 여력이 충분한 소비자는 신제품 시장을 찾는 등 시장 양극화가 뚜렷하게 나타날 것”이라고 전망했다.",이코노미조선 > 커버스토리 |,박용선 기자 |,2020.11.29
"쌓이는 재고에 생명 불어넣는 기업들…성능 문제없고 값은 절반, 환경 문제도 해결","체리쉬는 그동안 재고 보관, 처리 비용을 모두 상품 가격에 반영했지만, 재고에 대한 걱정이 사라져 가격도 낮출 수 있게 됐다. 600만원이었던 ‘모션 베드’ 가격이 약 50% 낮아지자 쇼핑몰 등록 후 3일 만에 완판될 정도로 소비자의 반응이 뜨겁다.기업이 팔지 못한 재고를 유통하거나 새로운 상품으로 탄생시키는 ‘재고(在庫) 비즈니스’가 ‘위드 코로나’ 시대에 뜨고 있다.",이코노미조선 > 커버스토리 |,"박용선·안소영 기자, 김지욱 인턴기자 |",2020.11.29
재고 비즈니스,재고 비즈니스가 뜬다· 위드 코로나 시대 만개한 재고 비즈니스· [Infographic] 재고 시장이 뜬다 Part 2. 국내외 재고 시장을 움직이는 기업들· [르포] 재고가 생활이 되다· [케이스 스터디] 역물류 전문 기업 美 ‘옵토로’ 성공 비결· [전문가 기고] 이지평 LG경제연구원 상근자문위원· [Interview] 재고 쇼핑몰 ‘리씽크’ 김중우 대표· [Interview] 김수욱 서울대 경영대 교수 Part 3.,이코노미조선 > 커버스토리 |,|,2020.11.29
"[Mint] ‘검토 바랍니다' 부장님께 보낸 이메일, 김대리가 깨졌다
B04면",올해부터 서울 한 중견 기업 전략기획본부에서 일하게 된 김모(28)씨는 지난 9월 ‘이메일 참조 기능’ 때문에 곤혹스러웠다. 가장 상급자인 전무의 메일 주소 순서를 본부장보다 뒤에 넣은 게 화근이었다. 결국 그는 전무에게 “직급 순서대로 참조를 거는 게 회사 생활의 기본”이라는 면박을 받아야 했다. 김씨는 “지적받기 전까지 단순한 이메일 참조에도 직급 순서...,경제 > Mint |,최은경 기자 |,2020.11.29
"'헬로! 플레이트' 박선영 ""요즘 세상에 위안 주는 서바이벌? 실제로 있더라""",플레이트’로 프리랜서 선언 뒤 첫 예능에 도전하는 MC 박선영이 “이 시대에 큰 위로가 될 방송이어서 안 할 이유를 찾기 힘들었다”고 깊은 애정을 드러냈다.박선영은 위드 코로나 시대의 푸드 서바이벌 ‘헬로! 플레이트’에서 강레오 김훈이 노희영 심사위원과 함께 글로벌 셰프들의 이야기가 담긴 요리 경연을 진행한다.,연예 > 연예 포토 |,OSEN |,2020.11.25
"""연말 대목인데""… 거리두기 격상에 속 타는 패션업계",거리두기 2단계 격상에 연말 성수기 소비 심리 악화 우려'위드 코로나' 시대… 온라인 비대면 쇼핑 채널 강화코로나바이러스 감염증(코로나19) 재확산으로 사회적 거리두기 2단계가 시행되면서 패션업체들의 한숨이 깊어지고 있다. 연말 대목을 놓칠 수 있다는 우려에서다.앞서 올 상반기 코로나19 여파에 긴 장마까지 겹치면서 패션업계는 큰 타격을 받았다. 3분기 실적도 부진했다.,조선비즈 > 산업 |,이선목 |,2020.11.24
"[Mint Letter] 3분기 큰손, 애플보단 항공주","🌱윤형준 기자READ MORE[with Corona] 비대면 신입 연수? 과거 유물 된 신입 합숙 연수 문화코로나는 대기업 신입사원 교육 문화도 바꿔놨습니다. 으레 거쳐 가던 집단 합숙 연수가 사라지고, 집에서 화상채팅을 하며 동기들끼리 그룹 활동을 한다네요.",경제 > Mint |,윤형준 기자 |,2020.11.23
"[Mint] 신입사원 합숙연수 대신 화상채팅… “돈은 덜드는데 애사심·동료애는 글쎄”
B04면","지난 8월 롯데그룹은 상반기 공개 채용 신입사원 연수를 보름 동안 비대면으로 진행했다. 예년처럼 전 계열사 신입사원들이 경기도 오산 롯데인재개발원에 모여 2주일 동안 먹고 자는 대신, 각자 집에서 화상채팅프로그램 줌(Zoom)을 통해 교육을 듣게 했다. 10명가량이 한 조가 돼 프레젠테이션이나 동영상을 준비하는 건 같았다. 다만 그룹 활동의 주무대가 연수원...",경제 > Mint |,최은경 기자 |,2020.11.23
"일본, 방역 방치하다 당했다… 하루 2300명 최다 확진
A02면","만으로 발생했으나 이달 들어 늘어나기 시작해 10일 1284명, 14일 1735명으로 급증했다. 일본의 코로나 환자 급증은 쌀쌀해진 날씨 탓도 있지만 내년 도쿄 올림픽 개최와 경기 활성화를 위해 ‘위드 코로나(with corona)’ 실험에 나선 일본 정부가 자초했다는 지적도 나온다.일본 정부는 지난 7월부터 정부가 여행 경비를 최대 50% 지원하는 ‘고 투 트래블(GO TO TRAVEL)’ 정책을 펴왔고, 지난달부터 대상 지역에 도쿄를 포함했",국제 |,도쿄=이하원 특파원 |,2020.11.20
전북 대표 관광교역전 '2020 전북트래블마트' 18일 개최,"특히 전북안심관광글로벌홍보단 발대식을 갖고 ‘위드 코로나19’시대에 안심하고 전북을 여행할 수 있는 다양한 홍보 활동을 벌인다.오후 2시부터 6시까지 진행되는 전북트래블마트 상담회에는 시·군별 관광자원을 설명하고 여행상품 개발지원 사업 등을 안내한다. 또 여행업, 마이스(MICE)업, 관광벤처 등이 전북여행상품을 홍보하고 다앙한 이벤트도 열린다.",조선비즈 > 산업 |,콘텐츠부 |,2020.11.18
"김장하다, 경조사 챙기다...경북서 확진자 16명 ‘우수수’",경북에서 코로나 바이러스 추가 확진자가 16명 발생했다. 지난 15일에 이어 이틀 만에 두자릿 수 추가 확진자가 나온 것이다. 이들 대부분이 지역을 넘나드는 경·조사 참석과 가족·친지 모임 등을 통해 감염된 것으로 보여져 경각심을 가져야한다는 목소리가 높다.경북도는 18일 0시 기준 코로나 바이러스 신규 확진자 16명이 발생했다고 밝혔다. 이중 지역 감염이...,사회 > 전국 |,이승규 기자 |,2020.11.18
"[Mint Letter] 버핏형, 가치투자가 왜 이래?","🌱최은경 기자READ MORE[with Corona] 집에서도 피곤해! 재택근무발 번아웃 대처법코로나 덕분에 재택근무의 꿈😍은 이루어졌습니다. 그런데 입에선 ""피곤하다😷""는 말이 왜 떠나질 않을까요? '재택근무 번아웃'을 유발하는 원인과 해결책이 뭔지 Mint가 찾아봤습니다. 출퇴근 시간은 명확히, 과도한 소통은 참는 게 우선이라고 하네요. 🌱최은경 기자READ MORE포스트 코로나, 준비됐나요?",경제 > Mint |,최은경 기자 |,2020.11.16
"연이틀 200명대 확진… “섣불리 1단계로 낮췄다가 상황 악화”
A04면",는 확진자는 열흘 전부터 이뤄진 감염 양상이 나타나는 것이라 현재 전국에 수백 명의 감염자가 있을 수 있다”며 “겨울철 대유행이 일촉즉발의 위기”라고 말했다. 반면 마상혁 대한백신학회 부회장은 “'위드 코로나(with corona)' 시대에 경제와 방역의 균형을 맞추는 과정에서는 확진자가 느는 건 피할 수 없는 측면이 있다”며 “추세에 일희일비할 게 아니라 대규모 집단감염을 막고 중환자 병상을 확보해 의료 체계 붕괴를 막는 게 더 중요하다”고,사회 > 복지·의료 |,정석우 기자 |,2020.11.16
"[Mint] “화상회의만 하루 15번… 회사 출근하는 게 덜 피곤하겠어”
B04면",“오전 7시 30분부터 화상 팀 회의를 위한 사전 화상 회의를 시작했는데 밤 9시 20분에야 협력사와 마지막 화상 회의 마치고 퇴근했어요. 탈진해서 방에 누워있는데 스카이프 벨소리가 환청으로 들리는 것 같더라고요.”국내 한 디지털 헬스케어 기업에서 일하는 김모(32)씨가 지난 9월 재택근무를 하던 중 경험한 ‘최악의 하루’다. 이날 그가 소화한 화상 회의는...,경제 > Mint |,최은경 기자 |,2020.11.16
"[Mint] 테크 업종이 1등, 헬스케어 2등, 가정용품 3등… 꼴찌는 전기·석유
B03면","적어도 내년까지는 ‘위드 코로나(with Corona·코로나와 함께)’ 상태가 지속될 가능성이 크다. 인류가 온갖 방법을 끌어다 코로나를 버텨냈던 지난 3분기, 어떤 업종이 선방했을까. 미 S&P500 지수를 구성하는 기업들의 3분기 실적에서 대략적인 업종별 ‘코로나 현황’이 보인다.13일까지 500곳 중 457곳이 3분기 실적 발표를 완료했다.",Mint |,김신영 기자 |,2020.11.16
Germany Sees Signs for Cautious Optimism in COVID-19 Cases,"The head of Germany's infectious disease institute said Thursday that while the COVID-19 threat in the country remains high, and some hospitals are reaching capacity, he is cautiously optimistic. Spe...",영문조선 > World |,VOA News |,2020.11.13
위드 코로나 2021년을 위한 '경영전략 컨퍼런스' 내달 4일 개최,"12월 4일 오후 1시, 가인지캠퍼스 주최로 '2021 경영전략 컨퍼런스'가 열린다. '디지털 마케팅' 혁신을 위한 인사이트와 사례를 공유하기 위해 열리는 이번 컨퍼런스는 카카오, LG CNS, 구글, 마이크로소프트의 경영자들이 연사로 참석한다.OTT(온라인동영상서비스) 시장 진출을 본격화하고 있는 카카오페이지는 9월 기준 앱 사용시간이 23억 분으로 넷플...",조선비즈 > 산업 |,콘텐츠부 |,2020.11.12
“을(乙) 안 해” 온라인몰 만들어 판매 나서는 제조사,"그러나 식품 등 제조 업체들은 ‘위드 코로나’ 시대의 도래로 D2C 시장이 성장할 것으로 보고 자체 온라인몰 사업을 꾸준히 강화하고 있다. ◇과도한 납품 가격 인하에 반발…쿠팡과 거래 끊어 D2C와 관련 일각에선 유통 업체와 거래에서 주로 을(乙) 입장이었던 제조 업체들이 ""더는 유통사 플랫폼에 휘둘리지 않겠다""며 역공에 나섰다는 분석도 나온다.",조선비즈 > 산업 |,박용선 이코노미조선 기자 |,2020.11.12
"[Mint] 뻥뚫린 사무실이 혁신의 아이콘? 그건 작년 얘기! 칸막이가 돌아왔다
B04면",제론 로커스 C&W 네덜란드 수석은 주간지 뉴요커에 “사람들의 습관을 바꾸려면 명확한 가이드라인이 필요하다”며 “시각화는 사람들이 안심할 수 있도록 만드는 열쇠”라고 말했다.코로나 장기화로 인한 ‘위드 코로나(With Corona)’ 시대엔 코로나 방어가 업무의 일부다.,Mint > 경제 |,신수지 기자 |,2020.11.09
언택트 사회공헌 콘서트 '이건음악회' 7일 늦은 8시 유튜브로 진행,대면으로 이루어졌던 CSR 캠페인을 비대면 방식으로 전환하고 위드 코로나 시대에 발맞춰 온라인 채널 등 디지털을 적극적으로 활용하고 있다. 이에따라 대인접촉을 최소화하면서도 안전하게 즐길 수 있는 언택트 사회공헌활동이 주목받고 있다.종합건축자재기업 이건(EAGON)에서는 지난 30년 간 변함없이 실천하고 있는 대표적인 사회공헌 프로그램인 ‘이건음악회’를 준비하고 있다.,조선비즈 > 산업 |,콘텐츠부 |,2020.11.06
기자들의 수다,"'코로나19와 공존한다'는 뜻인 '위드 코로나' 시대를 준비해야 한다는 목소리도 높아지고 있고요. 이대로 코로나19가 우리 곁을 떠나지 않는다면 미래는 어떤 모습일까요?◆인턴 기자들의 수다독자 여러분께 처음 인사드리네요! 박새롬이에요. 매일 어떤 소식을 전할지 고민하고, 취재하는 과정은 정말 보람차답니다. 얼마 전 핑크퐁의 아기상어 영상이 전 세계 유튜브 조회 수 1위에 올랐죠. 거기 나오는 박건령 군도 우리 독자라고 해요.",어린이조선 > 종합뉴스 |,|,2020.11.06
"'위드 코로나' 시대… 렌탈업계, 위생 가전 인기에 3분기도 선방","렌탈 업계, 3분기 코로나19 영향에도 실적 호조 비대면 수요 대응 신제품 출시 및 해외 시장 공략 코로나바이러스 감염증(코로나19)가 장기화하는 가운데 렌탈업계가 3분기에도 비교적 선방한 것으로 나타났다. 렌탈 업체들은 비대면 수요에 맞춘 자가 관리형 제품 출시와 해외 시장 공략으로 코로나19와 공존이 불가피한 ‘위드(with) 코로나’ 시대에 대응하고 ...",조선비즈 > 산업 |,이선목 기자 |,2020.11.05
"코로나로 위축된 공유오피스, 위드 코로나 시대 기대감 솔솔","회원제 개념의 사무실이다. 실제로 올해 공유오피스 시장의 성장세는 꺾였다. 불특정 다수와 접촉이 불가피한 데다, 재택근무로 오피스 자체 수요가 줄었기 때문이다. 하지만 코로나와 공존이 불가피한 ‘위드 코로나(with corona)’가 시대가 현실로 다가오면서 이같은 그간의 전망과 180도 다른 예상이 나오기 시작했다. 거점 근무를 도입하는 기업이 늘어나며 새로운 수요층이 생겨났다는 이유에서다. 4일 글로벌 시장조사기관 리서치앤마켓(Resear",조선비즈 > 부동산 |,고성민 기자 |,2020.11.04
"푸틴 ‘방역 떠넘기기’에… 러시아 지방 코로나 초토화
A16면","1일(현지 시각) 러시아의 하루 코로나 신규 확진자가 1만8381명으로 최고치를 경신했다. 세계에서 넷째로 코로나 확진자가 많은 러시아는 여름철 확산세가 하루 5000명대 이하로 누그러졌다가, 10월 들어 확진자가 급증하고 있다.2차 파동 특징은 지방 확산이 두드러진다는 것이다. 코로나 국면에 인기가 없는 봉쇄 권한을 블라디미르 푸틴 대통령이 지방에 떠넘긴...",국제 > 유럽 |,임규민 기자 |,2020.11.03
"서울시, 역대 최대 예산 책정… 내년 40조원 첫 돌파","코로나19와 공존하는 ‘위드 코로나’ 시대에 대응하고 코로나19 종식 이후를 준비하겠다는 것이다. 방역체계 강화에 3146억원이 쓰인다. 방역물품 비축과 감염병 조기경보시스템 구축, 백신 개발 지원, 무료 예방접종 등 감염병 상시예방 시스템에 958억원이 투입된다. 이를 위해 내년 8월 서울의료원에 동북권 응급의료센터를 준공하고, 보라매병원에 안심호흡기 전문센터를 추진하는 등 인프라 확충에 92억원이 편성됐다.",조선비즈 > 시사 |,박현익 기자 |,2020.11.02
"[Mint] 빅테크 6곳 CEO 모두가 힘주어 한 말 “클라우드, 이제 시작입니다”
B03면",올해 3분기는 ‘위드 코로나(with Corona·코로나와 함께)’가 기정사실화되기 시작한 시기로 디지털 전환이 전에 없이 빠르게 진행된 때이기도 했다.애플·마이크로소프트(MS)·알파벳(구글)·아마존·페이스북·AMD 등 지난주 실적을 발표한 쟁쟁한 빅테크 기업 CEO들이 콘퍼런스콜을 통해 밝힌 코로나 이후 세상과 이에 대응할 전략을 Mint가 분석했다. 이들이 가장 많이 언급한 단어는 ‘클라우드(cloud·인터넷상 저장 공간)’였다.,경제 > Mint |,김신영 기자 |,2020.11.02
"일본의 ‘위드 코로나’ 실험… 꽉 찬 야구장서 맥주도 벌컥
A16면","대해선 수퍼컴퓨터까지 동원해 분석하기로 했다. 경기장에서 관중은 대부분 마스크를 썼다. 실험 결과는 11월 초에 나올 예정이다.일본이 코로나 확산세가 잦아들지 않는데도 이런 실험을 하는 건 일명 ‘위드 코로나(with corona)’ 사회를 빨리 정착시키기 위해서다. 백신 생산 전 코로나와 함께 살아가는 길을 선택한 것이다. 당장 심각한 경제적 타격을 줄이고, 장기적으로는 내년 도쿄올림픽 개최에 대한 의구심을 불식하겠다는 의도다.정부가 국내 여",국제 > 일본 |,요코하마=이태동 특파원 |,2020.11.02
"丁총리 ""사회적 거리두기 3단계→5단계 세분화""","정 총리는 이날 오후 정부서울청사에서 주재한 코로나19 중앙재난안전대책본부(중대본) 모두발언에서 ""위드 코로나(with Corona) 시대에 맞는 사회적 거리두기 개편방안을 확정하고자 한다""며 이같이 밝혔다. 정 총리는 ""거리두기 단계는 세 단계에서 다섯 단계로 현실에 맞게 세분화된다""며 ""기존의 각 단계별 방역강도 차이가 너무 커서 단계 조정시 사회적 수용성이 떨어지는 단점을 보완하기 위해서""라고 설명했다.",조선비즈 > 시사 |,손덕호 기자 |,2020.11.01
"‘위드 코로나’ 달라진 세상, 새로운 기회","카이스트 문술미래전략대학원 미래전략연구센터는 코로나19가 인류의 생활 양식을 어떻게 바꿨는지, 나아가 ‘위드 코로나’ 시대 기술의 변화, 해결 과제 등을 제시한다. 사진 EPA연합 카이스트 미래전략 2021카이스트 문술미래전략대학원 미래전략연구센터김영사｜2만5000원｜560쪽｜10월 23일 발행2021년에는 마스크를 벗고, 해외여행을 갈 수 있을까? 우리의 기대와 달리 일상은 ‘코로나 이전’으로 돌아가지 못한다.",이코노미조선 > 컬처&amp |,박용선 기자 |,2020.10.31
“을(乙) 안 해” 온라인몰 만들어 판매 나서는 제조사,그러나 식품 등 제조 업체들은 ‘위드 코로나’ 시대의 도래로 D2C 시장이 성장할 것으로 보고 자체 온라인몰 사업을 꾸준히 강화하고 있다. LG생활건강은 지난해 쿠팡의 과도한 납품 가격 인하에 반발하며 쿠팡에 제품 공급을 중단했다.,이코노미조선 > 비즈니스 |,박용선 기자 |,2020.10.31
"대구보건대학교, 국제교육팀 해외취업설명회 개최","대구보건대학교(총장 남성희) 국제교육팀은 26일부터 28일까지, 3일간 위드코로나시대 글로벌 환경에 능동적으로 대처하고 해외취업 활성화를 위해 연마관 1층 글로벌 존에서 해외취업설명회를 개최했다고 29일 밝혔다. 이번 특강은 해외취업 정보를 제공하고 국제교육팀에서 실시하는 다양한 해외취업 지원 프로그램을 안내해 우수인력의 조기발굴과 취업경쟁력 강화를 위해 마련됐다.",라이프&러닝 > 라이프&러닝 |,|,2020.10.30
"[카페 2040] ‘위드 코로나’ 시대 우린 모두 영웅
A34면","코로나와 함께 살아가야 하는 ‘위드 코로나(with Corona)’ 시대, 우리 모두는 중요한 존재다. 이 시대를 세상답게 살아낸 모두가 영웅이 아닐까.",오피니언 > 카페 2040 |,최보윤 기자 |,2020.10.30
사회적 거리두기 완화에 다시 문 여는 '박람회',"주최 측은 이번 행사를 '위드 코로나' 시대에 맞춰 온·오프라인이 결합한 하이브리드 쇼(Hybrid Show) 형태로 선보인다는 방침이다. 구체적으로는 네이버 등과 함께 라이브 채널을 운영하고, 인기 유튜버와 랜선 투어 등을 진행할 계획이다. 다음달 5일부터는 서울 대치동 세텍(SETEC)에서 프랜차이즈 창업 박람회가, 10일부터는 코엑스에서 일자리 박람회가, 25일부터는 서울국제식품산업전(코엑스 푸드위크)가 열릴 예정이다.",조선비즈 > 산업 |,윤희훈 기자 |,2020.10.29
"[속보] 어제 코로나 국내 확진 103명, 하루만에 다시 세 자릿수로","정세균 총리는 28일 중앙재난안전대책본부 회의 모두발언에서 “위드 코로나 시대를 맞아 그간의 경험과 노하우를 토대로 방역과 일상이 조화되는 더 정밀한 방역체계가 필요하다”며 “그동안 여러 차례 위기를 맞아 나름대로 거리두기 단계와 행동기준을 다듬어 왔지만, 지속 가능한 방역의 관점에서 아직 보완할 점이 많다. 지금의 거리두기 단계가 획일적이고 장소나 상황별 특성을 충분히 고려하지 못하고 있다는 지적도 있다”고 했다.",사회 > 복지·의료 |,양지호 기자 |,2020.10.28
"정세균 ""위드 코로나 시대… 사회적 거리두기 개편안 내놓겠다""","정세균 국무총리는 ""‘위드 코로나(with Corona)’ 시대를 맞아 그간의 경험과 노하우를 토대로 방역과 일상이 조화되는 보다 정밀한 방역체계가 필요하다""며 ""사회적 거리두기 개편 대안을 조속한 시일 내에 확정해 국민 여러분께 알리겠다""고 28일 밝혔다.정 총리는 이날 정부서울청사에서 코로나19 중앙재난안전대책본부 회의를 열고 ""그동안 거리두기 단계와 행동기준을 다듬어 왔지만, 지속가능한 방역 관점에서 아직 보완할 점이 많다""며 ""지금의 거리두기",조선비즈 > 정책 |,박현익 |,2020.10.28
"이젠 ‘위드 코로나’… 위기 속 기업이 먼저 일어섰다
E01면",국제통화기금(IMF)은 올해 세계 경제 성장률을 -4.4%로 전망했다.세계는 이제 코로나 이후를 뜻하는 ‘포스트 코로나(Post Corona)’ 대신 코로나와 모든 것을 함께하는 ‘위드 코로나(With Corona)’를 말하고 있다.,스페셜 > 특집섹션 |,박순찬 기자 |,2020.10.26
열 補藥 부럽지 않은 제철 음식… 식탁을 가을로 채우자,"고구마, 연근, 우엉 등은 소화도 잘되고 기운을 북돋아 주는 가을 식재료이다.코로나19 이전과 이후를 BC(Before Corona), AC(After Corona)로 비유할 만큼 코로나19는 경제, 사회, 문화 등 전 영역에 걸쳐 수많은 변화를 가져오고 있다. 많은 사람들이 ‘지속가능한 환경’과 ‘더불어 사는 삶’의 중요성을 새롭게 인식하고 있고, ‘가치 중심’ 소비에 관심을 기울이고 있다.",일반 |,문미영 객원기자 |,2020.10.26
"전문대교협, 교직원 온라인 원격연수 전용 스튜디오 열어",이날 류태호 미국 버지니아대 교수는 '위드 코로나 시대 교육과정 운영 방향 및 성과관리 사례 과정'을 주제로 두 차례에 걸친 강연을 진행할 예정이다. lulu@chosun.com,조선에듀 > 교육뉴스 |,오푸름 조선에듀 기자 |,2020.10.22
Artworks Vandalized at 3 Berlin Museums,"targeted by conspiracy theorists. Attila Hildmann, an activist who has railed against government measures to contain the coronavirus, has spread conspiracy theories about Museum Island. Through the internet, he claimed the Pergamon Museum held the """,영문조선 > World |,VOA News |,2020.10.22
"'위드 코로나' 시대, 더 촘촘해진 이커머스 전략","SSG닷컴 오픈마켓 진출 ""상품력 강화"" 11번가, 코로나와 동떨어진 유료 멤버십 뜯어고쳐 확진자 발생 배송 마비 겪은 쿠팡, 방역 관련 5000억원 투자 코로나바이러스 감염증(코로나19) 사태로 비대면 온라인 쇼핑 시장이 폭발적으로 성장하면서 유통 업체들이 시장 공략을 위한 전략을 강화하고 있다. 코로나 사태 초창기인 2~3월에는 물량 증가에 따른 ...",조선비즈 > 산업 |,박용선 |,2020.10.22
"[특파원 리포트] 코로나 액셀과 브레이크
A34면",야당인 입헌민주당의 에다노 유키오 대표 표현을 빌리면 ‘자동차 브레이크와 액셀을 동시에 밟는 대응’이다.일본이 바이러스와 공존하는 ‘위드 코로나’ 사회로의 진입을 강력히 밀어붙이는 건 궁극적으로 내년 올림픽 때문이라는 분석이 설득력이 있다. 일본은 두 번째 도쿄올림픽을 제2의 부흥 계기로 삼고자 했으나 대회가 코로나 때문에 1년 연기돼 막대한 피해를 보게 됐다.,오피니언 > 특파원 칼럼 |,도쿄=이태동 특파원 |,2020.10.21
신동빈 회장 지난 주말 귀국…11월 대대적 인사로 '뉴 롯데' 준비,"특히 신 회장이 최근 들어 코로나19 불황 속 혁신과 쇄신을 꾸준히 강조하고 있는 만큼 인사 폭이 클 것으로 예상된다.신 회장은 지난 7월 롯데그룹 하반기 사장단 회의 ‘VCM(Value Creation Meeting)’에서 ""코로나와 함께 하는 ‘위드 코로나(With Corona)’가 내년 말까지는 계속될 것""이라며 완전히 새로운 시장의 법칙과 게임의 룰이 자리잡을 것이고 이에 따른 준비를 강조했다.",조선비즈 > 산업 |,박용선 |,2020.10.20
"“코로나19 방역, 초기 대응 프로세스 구축해 사업 연속성 확보해야""","김병호 ""재택근무와 유연근무제 확대는 물론, 최근 주목받는 거점 근무지 운영을 통해 선제적인 예방을 실시해 위드 코로나 시대에 대비할 방침이다. 근무지별 자체 방역을 체계화하고 방문자 관리도 엄격히 할 방침이다.""[코로나 모범방역 기업] ①사업장 비상사태로 인식되는 최초의 감염병 ‘코로나19’[코로나 모범방역 기업] ②",조선비즈 > 산업 |,김문관 |,2020.10.20
[스피킹이 강해지는 영어] the corona blues,,사회 > 신문은 선생님 |,|,2020.10.16
"""코로나19 음성!""..조수미, 2G폰 쓰는 세계 최고 프리마돈나 [★SHOT!]","[OSEN=박소영 기자] 성악가 조수미가 코로나19 음성 판정을 받았다.15일 오후, 조수미는 본인의 SNS에 “I tested NEGATIVE for # corona 굳모닝! 코로나검사 결과 '음성' 나왔어용#SumiJo #Seoul #coronatest #Negative #다행 #ㅎㅎㅎ”이라는 메시지를 남겼다.함께 올린 사진에는 “종로구 보건소입니다. 10/14 코로나19 검사",연예 > 연예 포토 |,OSEN |,2020.10.15
코호트 격리·풀링검사·트윈데믹… 코로나 관련 외래어 ‘범람’,"화한 ‘다듬은 말’은 112개에 이른다. 지난해 같은 기간 20여 개가 만들어진 것과 비교하면 6배 가량 늘어난 것이다. 코로나 장기화에 따라 코로나를 예방하며 일상생활을 해야하는 시기를 뜻하는 ‘위드 코로나(with corona) 시대’를 ‘코로나 일상’으로 바꾸는 식이다.이 밖에도 다양한 코로나 관련 용어가 우리말로 순화됐다. ‘언택트(Untact)’는 비대면으로, ‘코로나 블루(corona blue)’는 코로나 우울로, ‘엔데믹(endem",조선비즈 > 사회 |,김송이 |,2020.10.09
"대진대학교, ‘위드 코로나’ 시대에 발맞춘 선진교수법 워크숍 잇달아 개최","첫째 날인 6일(화)에는「위드 코로나시대 온라인 비대면 PBL(문제중심학습)」이란 주제로 성균관대학교 양정호 교수를 초청하여 특강을 진행하였다. 화상강의 전용 프로그램인 웹엑스(Webex)와 줌(Zoom)을 통해 대면 수업에서 진행해오던 PBL, 플립러닝 등의 다양한 교육방법을 비대면 수업에 적용하여 활용해보는 시간을 갖는다.",라이프&러닝 > 라이프&러닝 |,|,2020.10.06
"EU, Germany Discuss Future Relations with Britain","on Jan. 31, 2019. Standing alongside Michel Barnier, Heiko Maas told reporters at a news conference in Berlin that the coronavirus pandemic has made the process to reach a post-Brexit trade deal even more urgent. ""The stakes may be even higher no",영문조선 > World |,VOA News |,2020.10.06
“우린 연봉 동결인데 경영진은 보너스?” 얇아진 지갑에 뿔난 직원들,"코로나19 사태로 포스트 코로나, 위드 코로나 전략을 짜기 위해 상당한 심력을 소모하고 있다는 설명이다.한 재계 관계자는 ""오너들은 국내외 불확실성에 위기를 극복해야 한다는 절박함을 가지고 있다""며 ""각각의 기업 사정이 다른만큼 연봉 인상률을 일률적으로 평가하기는 어렵다""고 했다.",조선비즈 > 산업 |,안소영 |,2020.10.03
India Tops 6 Million COVID-19 Cases,India's tally of coronavirus cases topped six million on Monday as the country -- currently the second worst hit -- continued to have the highest,영문조선 > World |,VOA News |,2020.09.29
"인포그래픽으로 새롭게 바라보는 관광통계, '관광을, 通하다!'","이번 공모전에서 인포그래픽 데이터의 논리적인 분석 과정 및 주제의 차별성, 분석 결과의 타당성 및 신뢰성, 그리고 인포그래픽 디자인 등을 중점적으로 평가할 계획이다.심사를 거쳐 선정된 총 5건의 작품은 11월 5일(목) 발표 예정이며, 수상자에게는 한국문화관광연구원장상과 총상금 450만 원이 수여될 예정이다.한국문화관광연구원 김대관 원장은 ""관광지식정보시스템은 수요자 중심의 관광분야 통계 정보 제공을 위해 대국민 참여 공모전을 기획했으며, 위드 코로나",문화·라이프 > 여행 |,스포츠조선=김형우 기자 |,2020.09.22
"광운학원, AI융복합인재 양성 본격화... 오산시·iMBC·안전경영연과 협약",또한 광운학원은 오산시가 지난 10년간 추진해온 공교육 및 평생교육 혁신을 통해 얻어진 노하우와 최첨단 ICT를 기반으로 한 스마트시티통합운영센터의 인적·물적 인프라를 광운학원 산하 초·중·고·대학교와 공유해 더욱 심화된 발전 방안을 모색할 계획이다.광운학원 조선영 이사장은 “위드 코로나 및 4차 산업혁명 시대에서는 무엇보다 중요한 것이 미래를 이끌어나갈 인재 육성”이라며 “이번 협약을 계기로 광운학원은 산하 기관이 가진 첨단 AI·로봇 교육 관련,일반 |,디지털팀 |,2020.09.22
"광운학원, AI융복합인재 양성 본격화... 오산시·iMBC·안전경영연과 협약","광운학원 조선영 이사장은 “위드 코로나 및 4차 산업혁명 시대에서는 무엇보다 중요한 것이 미래를 이끌어나갈 인재 육성”이라며 “이번 협약을 계기로 광운학원은 산하 기관이 가진 첨단 AI·로봇 교육 관련 인프라를 적극 활용해 오산시, iMBC, 한국안전경영연구원과 미래 인재 양성의 기반을 구축해나갈 것”이라고 말했다.",라이프&러닝 > 라이프&러닝 |,|,2020.09.22
"[공식] '죽인밤' 韓영화 최초 라이브 컨퍼런스 시도, 코로나 시대 언택트 행사 모색","[스포츠조선 조지영 기자] 코미디 스릴러 영화 '죽지않는 인간들의 밤'(신정원 감독, 브라더픽쳐스·TCO더콘텐츠온 제작)이 한국 영화 최초 라이브 컨퍼런스로 기자간담회를 진행한다.위드 코로나 시대를 맞아 문화예술계에서는 언택트 행사에 대한 다양한 방법을 모색하고 있다. 코로나19로 모든 예술산업계가 정지되다시피 한 상황에서 변화에 맞춰 새로운 뉴노멀을 창조하기 위해 활로를 찾고 있는 것.'",연예 > 연예 포토 |,스포츠조선=조지영 기자 |,2020.09.21
"코로나 8개월… 당신의 감정은 어떠신가요?
A29면",코로나로 인한 건강 악화뿐 아니라 실직·폐업 등으로 인한 심리적 고통에 빠지면서 코로나 블루(Corona Blue·우울증)에 이어 코로나 레드(Red·화병)를 호소하는 사람이 급증하고 있다는 게 전문가 진단이다.김상욱 대한정신건강의학과 의사회 부회장은 “코로나 사태는 감염병 차원뿐 아니라 정신 건강 의학적으로도 최고 수준의 참사”라며 “올해 상반기 우울증으로 병원에서 진료를 받은 사람은 59만5724명으로 작년 상반기보다 5.8% 증가했다”고 말했다,문화·라이프 > 건강 |,배준용 기자 |,2020.09.18
위드 코로나 시대…아이들 ‘마음방역’이 필요합니다,#중 1 김은지(가명)양은 코로나19 확진 판정으로 생활치료센터에 입원한 직후 매일 밤잠을 설쳤다. 자려고 눈을 감으면 ‘내가 왜 이런 병에 걸렸나’ 하는 생각에 분노와 원망이 치밀어올랐다. 격리생활로 분리불안을 겪는 김양에게 부모의 걱정도 고스란히 전해지면서 불안 증세는 깊어졌다. 결국 김양은 항우울제 약물치료와 비대면 심리치유 프로그램을 병행하고 나서야...,사회 > 신문은 선생님 |,오푸름 조선에듀 기자 |,2020.09.14
"정은경 “거리두기는 단체 줄넘기, 한 마음으로 넘겨야”","오는 12일 질병관리본부가 질병관리청으로 승격을 앞둔 가운데 초대 질병관리청장으로 임명된 정은경 질본 본부장이 11일 정례브리핑에서 “코로나와 동거하는 ‘위드 코로나(with corona)’ 시대에 우리는 단체 줄넘기를 하고 있다”고 말했다. 코로나 유행으로 인한 거리두기 동참을 단체 줄넘기에 비유한 것이다.정 본부장은 “단체 줄넘기를 생각해보면 함께 뛰는 동료를 믿고, 적당한 거리를 두면서도 자기 자",사회 |,배준용 기자 |,2020.09.11
"질병청 첫 수장 정은경 ""청 승격, 코로나 빨리 극복하라는 국민의 뜻""","앞으로 신종 감염병에 대한 위기대응을 조금 더 철저하고, 체계적으로 하라는 국민들의 뜻으로 받아들여 굉장히 무거운 마음으로 책임을 다 해야겠다는 각오를 갖는다""고 했다.정 본부장은 ""국민들께서 신뢰하고, 또 지지해준 그런 결과로 생각해 진심으로 감사 말씀을 드린다""며 ""그런 신회를 저버리지 않게끔 질병관리청이 코로나19 극복과 신종 감염병 대응에 최선을 다하도록 노력하겠다""고 했다.정 본부장은 ""지금 우리는 바이러스와 함께 살아가야 하는 ‘위드 코로나",조선비즈 > 사회 |,박진우 |,2020.09.09
Pandemic Turns Summer into European Tourism's Leanest Season,"ive, and we can offer the visitors something new, something inspiring without having all the logistical difficulties that corona(virus) brings,"" Nowakowski said. The question of whether there will be more lockdowns, nationwide restrictions or limits",영문조선 > World |,VOA News |,2020.09.07
“소비자의 삶의 질 향상 위해 세상에 없던 제품 계속 생산”,"미국, 중국, 러시아, 일본 등 해외 20여 국에 출시했고, 시장이 확대되자 경쟁사들도 뒤늦게 의류 관리기 시장에 뛰어들고 있는 상황이다.LG전자는 언택트(비대면)가 일반화되고 있는 위드 코로나(With Covid-19) 시대에 자택에서 손쉽게 수제 맥주를 즐길 수 있는 세계 최초 캡슐형 수제 맥주 제조기 ‘홈브루’를 출시하는 등 제품 혁신을 계속하고 있다.이 본부장은 “제품뿐 아니라 서비스 측면에서도 고객과 밀접한 관계를 유지하며 고객의 소리에",일반 |,조선일보 |,2020.09.07
"코로나, 이 모든 게 짓궂은 만우절 장난이면 좋으련만","(Before Christ)를 본떠 코로나19 이전의 세상, 즉 ‘비포 코로나(Before Corona)’란 신조어가 생겨났을 정도로 코로나 팬데믹은 전 세계인의 일상을 한순간에 뒤바꾼 역사적 기점으로 언급된다. 매일 마스크를 쓰지 않아도 됐던 이전의 평범한 일상으로 언제 돌아갈 수 있을지 가늠이 어려울 만큼 긴긴 코로나19 터널의 끝이 보이지 않는다. 이 모든 것이 거짓말이면 좋으련만.",아트뉴스 |,윤다함 기자 |,2020.09.04
"‘스카이워크’ 대신 ‘하늘 산책로’ 어때요
A18면",문화체육관광부와 국립국어원은 ‘위드 코로나 시대’를 대체할 쉬운 우리말로 ‘코로나 일상’을 선정했다. ‘위드 코로나 시대’는 코로나 바이러스 장기화에 따라 코로나를 예방하며 일상생활을 해야 하는 시기를 뜻한다. 또 ‘스카이워크(skywalk)’의 대체어로는 ‘하늘 산책로’를 선정했다. 스카이워크는 산이나 전망대 등에 설치해 공중을 걷는 듯한 느낌을 주는 구조물이다.,문화·라이프 > 문화 일반 |,허윤희 기자 |,2020.09.02
"펀드 직판 시스템에 13만명 가입… 언택트 펀드 수익률 21%
D07면","◇위드 코로나 시대 겨냥한 펀드 운용삼성운용이 코로나 시대에 맞춰 운용 중인 언택트 관련 펀드도 좋은 반응을 얻고 있다. '삼성 언택트코리아 펀드'는 언택트 라이프스타일, 언택트 인프라, 포스트 코로나 시대의 성장 등 언택트 관련 테마에 해당하는 종목을 다각적으로 분석해 관련 기업과 수혜 업종에 집중 투자한다. 인터넷과 미디어·엔터, 음식료, IT, 통신 서비스, 의료기기, 2차 전지 등이 해당된다.",스페셜 > 특집섹션 |,이경은 |,2020.08.31
"[백영옥의 말과 글] [164] 외로운 도시
A30면",석될지도 모르겠다. 카페테리아 속 뚝 떨어진 남자의 모습은 생활 백신을 잘 실천하고 있는 사람으로 말이다.어제 처음으로 마스크를 쓴 채 라디오에 출연했다. 마스크 쓴 디제이의 모습을 보며 이제 세상이 BC(Before corona)와 AC(After corona)로 나뉠 것이란 이야기가 더 실감 났다. 요즘 쉬지 않고 울리는 코로나 관련 문자를 보는 것만으로 그렇다.,오피니언 > 전문가칼럼 |,백영옥 소설가 |,2020.08.29
"[신문은 선생님] [숨어 있는 세계사] 소련이 쏜 세계 첫 인공위성… 하루 7번 미국 상공을 지나갔다
A29면",정찰 위성의 이름(코로나·CORONA)조차 외부에 알려지지 않을 정도로 극비 사항이었어요. 아이젠하워 대통령과 국가안보회의(NSC)는 스파이 위성을 통해 소련과 동유럽 국가들을 감시하고 미사일의 위치를 파악하려 했어요. 초기 우주 경쟁에서 소련은 미국을 한 발짝씩 앞서는 듯 보였습니다. 1961년 소련이 최초로 우주비행사 유리 가가린을 태운 우주선 '보스토크 1호'를 발사한 거예요.,신문은선생님 > 신문은선생님 |,윤서원 서울 단대부고 역사 교사 |,2020.08.26
"경기아트센터, 특별포럼 '위드 코로나 시대, 극장의 고민을 묻고 답하다'","흑사병, 스페인 독감 등 세계사적으로 희생을 남긴 전염병이 음악사, 음악가에 미친 영향을 살펴보며 역경에도 불구하고 예술과 인간의 삶은 발전해왔음을 말한다.두 번째 강연은 경기도 코로나19 긴급대책단 공동단장이자 경기도의료원 안성병원의 임승관 원장이 나서 의료 전문가의 입장에서 코로나 시국의 공연장과 방역에 대해 이야기한다.세 번째 강연은 정신건강의학과 전문의이자 신경 인류학자인 박한선 박사가 '위드 코로나 시대, 관객의 공포를 이해하다'를 주제로",문화·라이프 > 문화 일반 |,스포츠조선=김형중 기자 |,2020.08.25
"아이웨이웨이의 고발… 中 정부는 슬픔마저 통제했다
A18면","지난 1월부터 4월까지 코로나 사태로 인한 우한의 도시 폐쇄 상황을 촬영한 1시간 50분 분량 영상으로, 제목은 '대관식'이라는 뜻과 함께 'Corona'와 'Nation'을 합친 '코로나의 나라'로도 해석된다. 우한의 시민과 친척 등 14명을 동원해 임시 병동 의료진과 환자, 전반적인 방역 과정을 카메라로 담았다. 아이웨이웨이는 유럽에 거주하며 제작을 원격 지휘했다.영상은 방역 과정에서 드러난 중국 당국의 부조리와 잔혹함을 폭로한다.",문화·라이프 > 문화 일반 |,정상혁 |,2020.08.24
"삼육대, 코로나 여파에 ‘학위수여식 없는 졸업’","이어 “위드 코로나 시대에 중요한 자질은 개인의 우수성보다는 협업 능력, 신속하게 변하는 사회 패러다임에 적응하는 대응력과 유연성, 그리고 상대방의 아픔과 고통을 함께 할 수 있는 공감 능력”이라며 “졸업 후에도 이러한 자질을 계발하여 이 시대가 필요로 하는 인물로 창의적인 미래를 열어가길 바란다”고 축사했다.",라이프&러닝 > 라이프&러닝 |,|,2020.08.21
"플랜코리아, 8월 10일 유튜브 채널 “플랜TV” 공식 개국","플랜코리아 관계자는 ""깁미파이브""에서는 계속적으로 재미있는 도전을 통해 쉽고 재미있게 나눔에 참여할 수 있는 방법을 제안할 예정""이라고 전했다.플랜코리아는 5분간의 아주 특별한 미션을 수행하는 ‘깁미파이브’ 외에도 위드 코로나 시대에 아동 방문의 새로운 패러다임을 제시하는 ‘아동 방문 콘텐츠’, ’온라인 플리 마켓’ 등 언제 어디서든 쉽고 재미있게 나눔에 참여할 수 있는 콘텐츠들로 구성할 예정이며 차츰 콘텐츠를 하나씩 공개해 나갈 예정이다.이번",조선비즈 > 산업 |,콘텐츠부 |,2020.08.07
